{
	"credit": "Made with Blockbench",
	"texture_size": [256, 256],
	"textures": {
		"0": "projectazure:item/itemabydos550"
	},
	"elements": [
		{
			"from": [7.24476, 8.12481, -0.66526],
			"to": [8.74476, 9.62481, -0.16526],
			"rotation": {"angle": 0, "axis": "y", "origin": [7.36976, 6.49981, 7.58474]},
			"faces": {
				"north": {"uv": [0.625, 4.5625, 1.1875, 5.125], "texture": "#0"},
				"east": {"uv": [0.5, 4.5625, 0.625, 5.125], "texture": "#0"},
				"south": {"uv": [1.3125, 4.5625, 1.875, 5.125], "texture": "#0"},
				"west": {"uv": [1.1875, 4.5625, 1.3125, 5.125], "texture": "#0"},
				"up": {"uv": [1.1875, 4.5625, 0.625, 4.4375], "texture": "#0"},
				"down": {"uv": [1.75, 4.4375, 1.1875, 4.5625], "texture": "#0"}
			}
		},
		{
			"from": [7.36976, 8.24981, -5.41526],
			"to": [8.61976, 9.49981, -0.16526],
			"rotation": {"angle": 0, "axis": "y", "origin": [7.36976, 6.49981, 7.58474]},
			"faces": {
				"north": {"uv": [2.0625, 5.25, 2.5625, 5.75], "texture": "#0"},
				"east": {"uv": [0.0625, 5.25, 2.0625, 5.75], "texture": "#0"},
				"south": {"uv": [4.5625, 5.25, 5.0625, 5.75], "texture": "#0"},
				"west": {"uv": [2.5625, 5.25, 4.5625, 5.75], "texture": "#0"},
				"up": {"uv": [2.5625, 5.25, 2.0625, 3.25], "texture": "#0"},
				"down": {"uv": [3.0625, 3.25, 2.5625, 5.25], "texture": "#0"}
			}
		}
	],
	"display": {
		"thirdperson_righthand": {
			"translation": [0, 1, -6.75]
		},
		"thirdperson_lefthand": {
			"translation": [0, 1, -6.75]
		},
		"firstperson_righthand": {
			"translation": [-4.25, 4.5, -3.5],
			"scale": [1, 1, 0.75]
		},
		"firstperson_lefthand": {
			"translation": [-4.25, 4.5, -3.5],
			"scale": [1, 1, 0.75]
		},
		"ground": {
			"rotation": [0, 0, 90],
			"translation": [0, -2.5, 0]
		},
		"gui": {
			"rotation": [0, -90, 0],
			"translation": [2.5, 1.25, 0],
			"scale": [0.57, 0.57, 0.57]
		},
		"fixed": {
			"rotation": [0, -90, 0],
			"translation": [4, 3, -0.75]
		}
	}
}